CREATE DATABASE  IF NOT EXISTS `d_crop` /*!40100 DEFAULT CHARACTER SET utf8mb4 COLLATE utf8mb4_0900_ai_ci */ /*!80016 DEFAULT ENCRYPTION='N' */;
USE `d_crop`;
-- MySQL dump 10.13  Distrib 8.0.41, for Win64 (x86_64)
--
-- Host: 127.0.0.1    Database: d_crop
-- ------------------------------------------------------
-- Server version	8.0.41

/*!40101 SET @OLD_CHARACTER_SET_CLIENT=@@CHARACTER_SET_CLIENT */;
/*!40101 SET @OLD_CHARACTER_SET_RESULTS=@@CHARACTER_SET_RESULTS */;
/*!40101 SET @OLD_COLLATION_CONNECTION=@@COLLATION_CONNECTION */;
/*!50503 SET NAMES utf8 */;
/*!40103 SET @OLD_TIME_ZONE=@@TIME_ZONE */;
/*!40103 SET TIME_ZONE='+00:00' */;
/*!40014 SET @OLD_UNIQUE_CHECKS=@@UNIQUE_CHECKS, UNIQUE_CHECKS=0 */;
/*!40014 SET @OLD_FOREIGN_KEY_CHECKS=@@FOREIGN_KEY_CHECKS, FOREIGN_KEY_CHECKS=0 */;
/*!40101 SET @OLD_SQL_MODE=@@SQL_MODE, SQL_MODE='NO_AUTO_VALUE_ON_ZERO' */;
/*!40111 SET @OLD_SQL_NOTES=@@SQL_NOTES, SQL_NOTES=0 */;

--
-- Table structure for table `department`
--

DROP TABLE IF EXISTS `department`;
/*!40101 SET @saved_cs_client     = @@character_set_client */;
/*!50503 SET character_set_client = utf8mb4 */;
CREATE TABLE `department` (
  `dept_number` int NOT NULL,
  `dept_name` varchar(255) NOT NULL,
  `manager_no` bigint DEFAULT NULL,
  PRIMARY KEY (`dept_number`),
  KEY `manager_no` (`manager_no`),
  CONSTRAINT `department_ibfk_1` FOREIGN KEY (`manager_no`) REFERENCES `employee` (`emp_no`)
) ENGINE=InnoDB DEFAULT CHARSET=utf8mb4 COLLATE=utf8mb4_0900_ai_ci;
/*!40101 SET character_set_client = @saved_cs_client */;

--
-- Dumping data for table `department`
--

LOCK TABLES `department` WRITE;
/*!40000 ALTER TABLE `department` DISABLE KEYS */;
INSERT INTO `department` VALUES (1,'Research',1040),(2,'Finance',1060),(3,'HR',1300),(4,'IT',1360),(5,'Marketing',1260),(6,'Operations',1400),(7,'Sales',1230),(8,'Administration',1069);
/*!40000 ALTER TABLE `department` ENABLE KEYS */;
UNLOCK TABLES;

--
-- Table structure for table `dependent`
--

DROP TABLE IF EXISTS `dependent`;
/*!40101 SET @saved_cs_client     = @@character_set_client */;
/*!50503 SET character_set_client = utf8mb4 */;
CREATE TABLE `dependent` (
  `emp_no` bigint NOT NULL,
  `sex` varchar(10) DEFAULT NULL,
  `relationship` varchar(30) DEFAULT NULL,
  `dependent_name` varchar(255) NOT NULL,
  `DOB` date DEFAULT NULL,
  PRIMARY KEY (`emp_no`,`dependent_name`),
  CONSTRAINT `fk_dependent_employee` FOREIGN KEY (`emp_no`) REFERENCES `employee` (`emp_no`) ON DELETE CASCADE ON UPDATE CASCADE
) ENGINE=InnoDB DEFAULT CHARSET=utf8mb4 COLLATE=utf8mb4_0900_ai_ci;
/*!40101 SET character_set_client = @saved_cs_client */;

--
-- Dumping data for table `dependent`
--

LOCK TABLES `dependent` WRITE;
/*!40000 ALTER TABLE `dependent` DISABLE KEYS */;
INSERT INTO `dependent` VALUES (1001,'Female','Son','Saksham','1999-12-13'),(1014,'Female','Father','Aarush','1990-04-05'),(1018,'Female','Mother','Elakshi','1984-04-05'),(1031,'Female','Daughter','Suhana','1984-05-09'),(1035,'Male','Father','Yuvaan','2011-05-28'),(1042,'Male','Mother','Hridaan','2007-10-13'),(1048,'Female','Father','Renee','2010-07-02'),(1051,'Female','Father','Dhanuk','2002-11-08'),(1052,'Female','Mother','Stuvan','2006-10-10'),(1065,'Male','Daughter','Yuvraj ','2016-03-21'),(1069,'Male','Spouse','Nitara','1984-05-05'),(1072,'Female','Mother','Aradhya','2013-12-21'),(1073,'Male','Spouse','Riya','2018-05-29'),(1077,'Male','Father','Bhavin','1986-04-17'),(1078,'Female','Daughter','Onkar','2015-04-29'),(1082,'Female','Father','Vihaan','2006-03-13'),(1086,'Female','Son','Indranil','2012-11-13'),(1090,'Female','Spouse','Kimaya','2005-12-15'),(1091,'Male','Spouse','Vanya','1995-11-04'),(1094,'Male','Spouse','Tanya','2021-08-14'),(1097,'Female','Daughter','Farhan','2009-12-08'),(1098,'Male','Daughter','Suhana','2001-07-22'),(1101,'Female','Daughter','Kiaan','1997-12-25'),(1105,'Female','Father','Ira','1998-05-25'),(1107,'Male','Spouse','Akarsh','2005-11-13'),(1111,'Male','Spouse','Ojas','2020-01-05'),(1112,'Male','Spouse','Lakshay','2002-05-30'),(1121,'Female','Daughter','Zara','1998-05-02'),(1123,'Female','Daughter','Jivin','1991-12-06'),(1139,'Female','Daughter','Mahika','1985-08-04'),(1142,'Male','Mother','Neelofar','1997-09-29'),(1144,'Female','Spouse','Biju','2010-07-22'),(1153,'Male','Father','Shanaya','2000-04-01'),(1154,'Male','Son','Vanya','2011-01-31'),(1155,'Female','Spouse','Damini','2001-01-11'),(1170,'Female','Daughter','Mohanlal','1992-10-27'),(1175,'Male','Daughter','Miraan','1990-12-04'),(1180,'Female','Son','Aniruddh','2015-03-16'),(1183,'Female','Spouse','Vritika','1984-10-05'),(1187,'Male','Son','Jayesh','1998-07-26'),(1188,'Male','Son','Faiyaz','1984-09-25'),(1190,'Male','Spouse','Nishith','2019-01-05'),(1195,'Female','Son','Anay','2006-04-25'),(1197,'Male','Father','Trisha','2001-12-28'),(1212,'Male','Son','Mohanlal','1989-01-26'),(1217,'Male','Mother','Misha','2010-09-28'),(1220,'Male','Mother','Sara','1995-07-26'),(1225,'Female','Father','Zeeshan','2002-05-26'),(1243,'Female','Son','Lagan','2004-05-28'),(1246,'Female','Mother','Shayak','1986-05-29'),(1249,'Male','Son','Ranbir','2013-04-04'),(1250,'Male','Son','Rasha','1988-01-02'),(1251,'Male','Father','Umang','1994-06-21'),(1262,'Male','Son','Romil','1989-04-11'),(1264,'Female','Spouse','Chirag','1995-03-14'),(1266,'Male','Spouse','Shlok','2010-05-10'),(1276,'Male','Father','Hazel','1997-02-01'),(1281,'Female','Spouse','Gokul','2006-11-02'),(1284,'Female','Mother','Shamik','1991-11-21'),(1297,'Male','Father','Sureh','1970-03-10'),(1297,'Male','Father','Suresh','1970-03-10'),(1298,'Male','Son','Lakshay','2021-09-24'),(1300,'Female','Son','Anahita','2021-01-03'),(1303,'Male','Spouse','Renee','2017-10-15'),(1321,'Female','Father','Saksham','2021-10-03'),(1334,'Male','Spouse','Prisha','2005-10-15'),(1337,'Female','Mother','Rasha','2008-06-10'),(1340,'Male','Son','Miraya','2017-09-18'),(1341,'Male','Son','Shamik','1990-06-09'),(1343,'Female','Daughter','Lakshit','1991-01-29'),(1350,'Male','Son','Aarush','2016-10-09'),(1352,'Female','Daughter','Shalv','1996-02-14'),(1353,'Female','Spouse','Ivan','2022-09-20'),(1355,'Female','Son','Zara','2007-07-13'),(1372,'Male','Spouse','Nitya','2002-05-18'),(1376,'Male','Father','Anvi','2000-06-30'),(1380,'Female','Daughter','Anahita','2014-08-12'),(1381,'Female','Son','Sahil','2018-07-03'),(1387,'Female','Father','Bhamini','2012-01-11'),(1388,'Male','Spouse','Sana','2018-01-31'),(1391,'Male','Mother','Raunak','2008-10-06'),(1393,'Male','Son','Vivaan','2010-11-08'),(1398,'Female','Spouse','Ira','2002-02-08'),(1411,'Female','Daughter','Zaina','1994-05-26'),(1417,'Female','Daughter','Miraya','1985-05-29'),(1418,'Female','Son','Priyansh','2009-01-07'),(1420,'Male','Father','Faiyaz','2023-10-28'),(1428,'Female','Father','Anahi','2017-09-24'),(1431,'Female','Mother','Uthkarsh','2001-08-23'),(1432,'Female','Father','Emir','2008-08-18'),(1444,'Female','Son','Jayan','1994-02-25'),(1450,'Male','Daughter','Fateh','2004-05-13'),(1454,'Male','Son','Nirvaan','2018-02-10'),(1466,'Male','Mother','Pranay','2005-03-22'),(1471,'Male','Son','Urvi','2013-12-24'),(1476,'Male','Daughter','Siya','2007-12-22'),(1479,'Male','Mother','Eshani','1993-04-13'),(1480,'Female','Son','Tiya','2017-02-10'),(1490,'Female','Spouse','Ishita','1994-05-03'),(1493,'Male','Mother','Vivaan','2002-01-11'),(1494,'Male','Daughter','Anya','2005-11-06'),(1497,'Male','Son','Arjun','2000-06-22'),(1497,'Female','Daughter','Ishita','2005-09-15'),(1497,'Female','Son','Kartik','1996-06-22'),(1497,'Male','Father','Suresh','1970-03-10');
/*!40000 ALTER TABLE `dependent` ENABLE KEYS */;
UNLOCK TABLES;

--
-- Table structure for table `employee`
--

DROP TABLE IF EXISTS `employee`;
/*!40101 SET @saved_cs_client     = @@character_set_client */;
/*!50503 SET character_set_client = utf8mb4 */;
CREATE TABLE `employee` (
  `f_name` varchar(255) DEFAULT NULL,
  `l_name` varchar(255) DEFAULT NULL,
  `emp_no` bigint NOT NULL,
  `address` text,
  `salary` decimal(10,2) DEFAULT NULL,
  `dept_number` int DEFAULT NULL,
  `manager_no` bigint DEFAULT NULL,
  PRIMARY KEY (`emp_no`),
  KEY `fk_dept_number` (`dept_number`),
  KEY `fk_manager` (`manager_no`),
  CONSTRAINT `fk_dept_number` FOREIGN KEY (`dept_number`) REFERENCES `department` (`dept_number`) ON DELETE CASCADE ON UPDATE CASCADE,
  CONSTRAINT `fk_manager` FOREIGN KEY (`manager_no`) REFERENCES `employee` (`emp_no`)
) ENGINE=InnoDB DEFAULT CHARSET=utf8mb4 COLLATE=utf8mb4_0900_ai_ci;
/*!40101 SET character_set_client = @saved_cs_client */;

--
-- Dumping data for table `employee`
--

LOCK TABLES `employee` WRITE;
/*!40000 ALTER TABLE `employee` DISABLE KEYS */;
INSERT INTO `employee` VALUES ('deejey','..',900,'fhasdhfh',274429.00,3,NULL),('Saira','Viswanathan',1000,'21/657, Buch Circle, Sangli-Miraj & Kupwad 777491',92384.63,7,NULL),('Zaina','Babu',1001,'34, Chauhan Road, Katihar-969366',34468.00,7,NULL),('Faiyaz','Cherian',1002,'54/22, Bobal Path, Thiruvananthapuram 720536',64928.10,4,NULL),('Jivika','Kannan',1003,'H.No. 324, Bail Chowk, Srikakulam 810053',85602.55,4,NULL),('Fateh','Bhat',1004,'35/715, Wali Circle, Danapur-266636',34884.35,3,NULL),('Zeeshan','Shanker',1005,'H.No. 79, Dubey Path, Yamunanagar-976097',79019.31,6,NULL),('Yakshit','Ganguly',1006,'48, Sengupta Road, New Delhi-834440',75070.20,6,NULL),('Hansh','Khalsa',1007,'70, Kunda Zila, Dehri-235667',117901.49,3,NULL),('Kismat','Rajan',1008,'H.No. 867, Bala Nagar, Amroha 784623',55428.22,5,NULL),('Dhruv','Dutta',1009,'81/730, Sani Road, Bhimavaram 544216',115228.47,4,NULL),('Saira','Lad',1010,'H.No. 998, Shan Chowk, Bhusawal-222112',86271.88,4,NULL),('Alia','Deol',1011,'36, Gour Marg, Gorakhpur-071323',81602.80,6,NULL),('Nehmat','Mangal',1012,'437, Ben Zila, Kamarhati-629072',57038.45,3,NULL),('Ela','Mahal',1013,'83, Uppal Ganj, Hubli–Dharwad-866701',68487.51,4,NULL),('Miraan','Ganguly',1014,'20/356, Tak Street, Ichalkaranji-100174',35660.24,7,NULL),('Jivin','Wali',1015,'482, Brar Marg, Kamarhati 692249',66518.89,3,NULL),('Riya','Amble',1016,'30/382, Barad Chowk, Bhiwani-840244',115452.90,4,NULL),('Madhav','Bhakta',1017,'H.No. 30, Srinivasan Nagar, Hazaribagh 211612',97536.00,5,NULL),('Dhanuk','Chaudhuri',1018,'74, Bhatti Street, Mangalore-148137',89359.06,3,NULL),('Mehul','Reddy',1019,'H.No. 553, Aurora, Jehanabad-071169',69935.54,3,NULL),('Darshit','Savant',1020,'148, Bassi Road, Kakinada-130528',101746.50,1,NULL),('Kashvi','Dasgupta',1021,'23/839, Bhat Chowk, Malda 100109',43989.87,3,NULL),('Sumer','Srinivas',1022,'H.No. 858, Golla, Panvel 886280',119969.26,2,NULL),('Umang','Lala',1023,'984, Ghosh Street, Jamalpur 009434',70051.83,3,NULL),('Vanya','Virk',1024,'85, Krish Road, Kolkata 937635',67849.13,3,NULL),('Nirvaan','Dhillon',1025,'060, Bajaj Zila, Siliguri 914197',83199.19,8,NULL),('Raghav','Kalla',1026,'593, Chad Nagar, Kumbakonam 413693',81460.28,5,NULL),('Ira','Raval',1027,'H.No. 813, Subramanian Road, Ambarnath 966224',42238.42,3,NULL),('Dharmajan','Chawla',1028,'205, Trivedi Chowk, Salem 919700',68358.93,4,NULL),('Reyansh','Bajaj',1029,'75/56, Sabharwal Road, Burhanpur-507911',101232.84,7,NULL),('Samaira','Bahri',1030,'67, Vohra Chowk, Parbhani-743013',78192.04,3,NULL),('Arhaan','Chana',1031,'14/311, Din Road, Khammam-861222',73638.66,1,NULL),('Kabir','Sachdev',1032,'63, Mandal Zila, Tumkur-576690',56082.12,8,NULL),('Rhea','Bhatt',1033,'97, Behl Ganj, Bongaigaon-461740',96617.16,4,NULL),('Jiya','Yadav',1034,'06/30, Dara Street, Dhanbad-725406',89612.98,6,NULL),('Manjari','De',1035,'79, Chand Zila, Bathinda-406239',32227.38,4,NULL),('Mishti','Karan',1036,'30, Chaudhary Street, Dehri-359621',83772.81,7,NULL),('Trisha','Sodhi',1037,'22, Majumdar Marg, Amritsar-311050',34701.09,7,NULL),('Aaryahi','Chakrabarti',1038,'35/87, Sane Chowk, Moradabad 459801',71825.47,4,NULL),('Elakshi','Dave',1039,'864, Bir Path, Amroha-856292',84688.07,5,NULL),('Madhup','Dyal',1040,'29/73, Lala Ganj, Chandrapur-447543',77660.43,1,NULL),('Anay','Arora',1041,'02/049, Barad Street, Anantapur-935434',116663.95,8,NULL),('Jivin','Sinha',1042,'61, Kar Nagar, Arrah 775240',85528.51,8,NULL),('Misha','Basak',1043,'99/20, Sunder Road, Chandrapur 413610',33879.82,5,NULL),('Dhruv','Varkey',1044,'88, Doshi Road, Barasat-135562',94748.82,6,NULL),('Rhea','Chahal',1045,'30/27, Amble Path, Farrukhabad-270976',102463.80,8,NULL),('Misha','Chaudry',1046,'966, Sem Ganj, Jaipur-611133',101401.58,6,NULL),('Sana','Butala',1047,'H.No. 601, Shetty Marg, Mehsana-719618',30415.13,4,NULL),('Ranbir','Kulkarni',1048,'28/64, Ramanathan Nagar, Saharsa-167485',103942.23,8,NULL),('Ishaan','Tank',1049,'80/310, Madan Path, Patna-747998',79031.09,8,NULL),('Madhav','Varghese',1050,'57/53, Barad Ganj, Ichalkaranji-041190',101551.82,2,NULL),('Jivika','Suresh',1051,'H.No. 59, Devi Chowk, Yamunanagar 953838',95118.01,6,NULL),('Aniruddh','Chopra',1052,'562, Johal Ganj, Tezpur-341639',93355.39,7,NULL),('Taimur','Soman',1053,'H.No. 391, Dugar Chowk, Ratlam 622276',70902.11,6,NULL),('Pari','Rama',1054,'97, Jha Zila, Hosur-697779',80502.68,5,NULL),('Pihu','Master',1055,'39/87, Chakrabarti Road, Unnao-036809',103766.72,5,NULL),('Advik','Dayal',1056,'H.No. 53, Dhaliwal Path, Anantapur-917589',69369.58,6,NULL),('Rasha','Kulkarni',1057,'295, Varkey Ganj, Ahmedabad-860929',72566.96,7,NULL),('Anahi','Bakshi',1058,'H.No. 84, Chanda Chowk, Anand 040379',56669.67,4,NULL),('Mehul','Dhingra',1059,'H.No. 913, Dara Chowk, Sri Ganganagar 554117',59457.75,1,NULL),('Himmat','Upadhyay',1060,'H.No. 75, Swamy, Hindupur 733470',74286.08,5,NULL),('Sara','Dugal',1061,'56/496, Grewal Ganj, Nagpur 240831',93976.06,3,NULL),('Rohan','Saxena',1062,'97/05, Mander Street, Durgapur-932485',84863.36,4,NULL),('Romil','Bajwa',1063,'19/092, Khosla Chowk, Amritsar 428201',85131.27,1,NULL),('Jiya','Karnik',1064,'72/70, Ranganathan Zila, Khandwa 983927',68940.26,3,NULL),('Vaibhav','Bal',1065,'90/061, Bala Street, Jalandhar-974443',71823.63,4,NULL),('Ritvik','Kata',1066,'95/855, Gopal Circle, Jhansi 679241',58190.42,4,NULL),('Mohanlal','Dewan',1067,'59/78, Som Nagar, Berhampore-932271',96550.96,7,NULL),('Dhanuk','Bala',1068,'982, Kulkarni Nagar, Dhule-445216',97880.87,6,NULL),('Prisha','Bajaj',1069,'61, Bhatia Path, Nanded 632126',94580.19,4,NULL),('Vritika','Johal',1070,'825, Golla Circle, Mira-Bhayandar-787970',82769.39,2,NULL),('Riaan','Tata',1071,'H.No. 627, Banik, Bellary 189754',42017.36,8,NULL),('Adah','Bhatt',1072,'H.No. 927, Sagar Marg, Haridwar-551218',63287.64,5,NULL),('Indranil','Sharaf',1073,'89/393, Iyengar Marg, Mira-Bhayandar-497152',97172.48,7,NULL),('Suhana','Bala',1074,'35/434, Lala Ganj, Khammam 379630',56062.84,3,NULL),('Advik','Kashyap',1075,'H.No. 95, Karnik Road, Chandigarh 321830',53906.72,2,NULL),('Emir','Bose',1076,'648, Rajagopalan Circle, Davanagere 062169',118453.27,8,NULL),('Umang','Gara',1077,'90/20, Warrior Nagar, Tiruppur 803083',88165.32,6,NULL),('Zoya','Comar',1078,'21, Ray Ganj, Ghaziabad 004488',62942.10,3,NULL),('Tushar','Jain',1079,'64, Dasgupta Nagar, Bikaner-464965',97992.52,3,NULL),('Kiaan','Mammen',1080,'958, Sandal Street, Hajipur 427325',100291.95,3,NULL),('Kimaya','Devi',1081,'08, Mall Chowk, Saharanpur-531010',97951.80,5,NULL),('Shalv','Halder',1082,'26/305, Madan Chowk, Raurkela Industrial Township-038338',88401.48,6,NULL),('Inaaya ','Sani',1083,'28, Ratta Street, Rampur 513641',119686.18,8,NULL),('Lakshit','Ratti',1084,'H.No. 89, Rau Marg, Sri Ganganagar-991486',51278.74,2,NULL),('Jayan','Mangal',1085,'38/23, Grewal Marg, Nangloi Jat 753312',87295.12,4,NULL),('Baiju','Dhar',1086,'501, Bath Chowk, Muzaffarpur 596570',111868.18,7,NULL),('Abram','De',1087,'H.No. 53, Salvi Zila, Ludhiana 276297',30948.24,4,NULL),('Piya','Wable',1088,'67, Chakrabarti Road, Jalgaon-024481',78527.22,6,NULL),('Hunar','Kanda',1089,'H.No. 707, Hegde, Jodhpur-071278',69814.23,3,NULL),('Reyansh','Yogi',1090,'59, Shukla Ganj, Sirsa 135554',112420.47,5,NULL),('Anika','Ganesan',1091,'10/88, Edwin Chowk, Chapra 771634',116141.73,8,NULL),('Eshani','Keer',1092,'H.No. 37, Chana Chowk, Kalyan-Dombivli 139007',74684.04,6,NULL),('Jivika','Bhavsar',1093,'81/038, Sem Path, Tadipatri-720289',88400.66,2,NULL),('Nirvaan','Manda',1094,'059, Jain Marg, Rewa 933533',78904.06,6,NULL),('Romil','Ray',1095,'H.No. 48, Barad Street, Cuttack-821067',38663.90,7,NULL),('Ela','Borra',1096,'789, Wali Road, Bhiwani-920782',62424.24,4,NULL),('Lakshit','Virk',1097,'555, Venkatesh Street, Tiruppur 313210',83521.45,2,NULL),('Lagan','Sem',1098,'H.No. 67, Koshy Marg, Narasaraopet 575272',61156.12,5,NULL),('Charvi','Balasubramanian',1099,'10, Bawa Nagar, Begusarai 208411',117474.05,3,NULL),('Yasmin','Divan',1100,'564, Gole Circle, Gwalior-915905',119577.34,5,NULL),('Parinaaz','Venkatesh',1101,'00/98, Kala Ganj, Imphal-167175',104942.46,6,NULL),('Jiya','Gulati',1102,'713, Ganesan, Tadepalligudem-473150',104240.97,5,NULL),('Darshit','Raja',1103,'332, Ramachandran Ganj, Pondicherry 256781',110775.50,8,NULL),('Samarth','Chakraborty',1104,'626, Tak Chowk, Warangal 027655',98634.98,1,NULL),('Kimaya','Tak',1105,'H.No. 72, Bedi Circle, Shivpuri-475080',88969.41,7,NULL),('Drishya','Lal',1106,'H.No. 277, Warrior Ganj, Sasaram-081909',102162.06,6,NULL),('Suhana','Bedi',1107,'474, Dora Nagar, Burhanpur 103302',92667.17,3,NULL),('Krish','Chhabra',1108,'374, Salvi, Vijayawada 389471',90439.09,8,NULL),('Aaina','Suresh',1109,'H.No. 782, Jha, Ramgarh 019484',41772.92,5,NULL),('Elakshi','Chopra',1110,'345, Goyal Ganj, Darbhanga 410600',57016.68,3,NULL),('Mamooty','Mallick',1111,'54/926, Lad Ganj, Chapra 528504',43306.11,8,NULL),('Jayant','Chahal',1112,'H.No. 218, Butala Path, Kishanganj-511109',112737.15,4,NULL),('Faiyaz','Kamdar',1113,'18/16, Desai Ganj, Ambala-529161',67959.24,4,NULL),('Himmat','Mann',1114,'78/626, Sankar Ganj, South Dumdum 764946',68943.38,6,NULL),('Shamik','Barad',1115,'H.No. 449, Kale Circle, Hosur-801401',116888.23,1,NULL),('Ryan','Kalla',1116,'H.No. 655, Sethi Road, Jalandhar 631349',39191.67,4,NULL),('Azad','Bhardwaj',1117,'39, Basu Marg, Kakinada 357769',52980.38,4,NULL),('Kanav','Shankar',1118,'54/67, Dhawan Street, Barasat 539948',31547.17,1,NULL),('Kabir','Lall',1119,'209, Sastry Zila, Dewas-739115',39272.10,3,NULL),('Stuvan','Gill',1120,'86/62, Krishnan Street, Srikakulam-413903',52127.54,1,NULL),('Mannat','Chaudhuri',1121,'H.No. 601, Vyas Path, Haridwar-749236',104325.98,2,NULL),('Priyansh','Maharaj',1122,'H.No. 04, Dash Path, Chittoor-173772',98772.81,2,NULL),('Madhup','Ghosh',1123,'12/926, Sarma Road, Rajahmundry 659767',46257.61,5,NULL),('Zara','Srinivas',1124,'07/35, Kala Road, Rampur-655678',113969.11,8,NULL),('Divyansh','Manda',1125,'91, Kakar Marg, Morbi 433397',107595.60,8,NULL),('Neysa','Jain',1126,'00, Kata Marg, Sultan Pur Majra-345106',67141.46,1,NULL),('Yuvaan','Ben',1127,'H.No. 36, Kannan Path, Morbi-334814',55886.78,3,NULL),('Prerak','Garg',1128,'89/31, Krish Ganj, Tumkur-059020',109244.45,8,NULL),('Renee','Mahal',1129,'29/88, Karnik Path, Sagar-767020',31865.32,7,NULL),('Mahika','Randhawa',1130,'H.No. 02, Raval Road, Shivpuri 631603',99355.60,3,NULL),('Shaan','Sarma',1131,'H.No. 00, Konda Path, Panipat 051684',47826.27,8,NULL),('Neelofar','Ravel',1132,'52/360, Agarwal, Raebareli 516092',79603.55,2,NULL),('Mehul','Sekhon',1133,'88/002, Bhalla Chowk, Nagpur-942744',42936.03,3,NULL),('Samar','Dhar',1134,'37, Kant, Moradabad 467946',73740.32,4,NULL),('Uthkarsh','Shenoy',1135,'741, Sagar Road, Ahmedabad-619525',46023.27,1,NULL),('Miraan','Khurana',1136,'53, Roy Circle, Tadipatri-404422',73986.79,4,NULL),('Purab','Goyal',1137,'46, Subramaniam Zila, Dewas-990131',59727.13,6,NULL),('Kavya','Dara',1138,'95/779, Garg Circle, Howrah 256039',57904.53,5,NULL),('Jhanvi','Buch',1139,'H.No. 195, Som, Raurkela Industrial Township 157920',46662.06,3,NULL),('Ryan','Agrawal',1140,'817, Kaul Path, Karimnagar-571745',55069.76,1,NULL),('Alia','Grewal',1141,'954, Baria Chowk, Udaipur 564924',85979.42,4,NULL),('Samaira','Saran',1142,'558, Borde Street, Amritsar-555876',46091.05,5,NULL),('Aniruddh','Buch',1143,'H.No. 864, Golla Zila, Uluberia 075754',108593.99,3,NULL),('Oorja','Chopra',1144,'31/66, Chanda Circle, Darbhanga-024277',86341.73,6,NULL),('Darshit','Saini',1145,'57, Gulati Road, Kavali 252685',87859.72,1,NULL),('Umang','Chanda',1146,'03, Kara Circle, Shimla 325622',69320.19,1,NULL),('Ritvik','Ganesh',1147,'955, Dey Road, Davanagere-057098',40633.42,4,NULL),('Kiaan','Sanghvi',1148,'63, Bala Nagar, Panipat-587714',78139.17,7,NULL),('Ranbir','Chakraborty',1149,'03, Mander Circle, Anantapur-325870',40612.33,3,NULL),('Shanaya','Vora',1150,'95, Goyal Nagar, Faridabad-174019',41791.73,7,NULL),('Vivaan','Lala',1151,'37/08, Wason, Tadepalligudem-145606',109459.71,3,NULL),('Mishti','Venkatesh',1152,'H.No. 60, Tandon Zila, Thrissur 348481',33664.40,4,NULL),('Anahi','Dixit',1153,'68, Mandal Zila, Tezpur 455501',51815.40,4,NULL),('Azad','Viswanathan',1154,'H.No. 73, Rao Chowk, Yamunanagar-530113',33682.78,8,NULL),('Armaan','Buch',1155,'30, Dixit, Jalna-831176',87572.47,1,NULL),('Pari','Bandi',1156,'15/019, Hayre Circle, Jammu 411804',70503.38,2,NULL),('Himmat','Bansal',1157,'H.No. 181, Mand Ganj, Haldia-813200',77409.21,7,NULL),('Ela','Mane',1158,'H.No. 39, Maharaj Circle, Mangalore-874706',96749.88,4,NULL),('Vihaan','Chacko',1159,'H.No. 38, Vig Zila, New Delhi-824784',80085.48,8,NULL),('Damini','Kumer',1160,'62, Batta Chowk, Fatehpur-679771',53522.00,4,NULL),('Anahi','Sethi',1161,'H.No. 15, Sane Street, Panihati-888424',80852.85,8,NULL),('Baiju','Basu',1162,'86, Anne Circle, Chennai-451484',81703.69,4,NULL),('Misha','Jha',1163,'95/07, Ratti Path, South Dumdum 490121',89153.60,4,NULL),('Stuvan','Borra',1164,'H.No. 014, Vig Marg, Mangalore-180576',40672.50,3,NULL),('Adah','Ram',1165,'84, Ramakrishnan Circle, Kochi-854453',55639.88,3,NULL),('Anaya','Krish',1166,'H.No. 121, Wason Zila, Jamshedpur-488658',57493.01,1,NULL),('Yuvraj ','Khare',1167,'983, Sachdev Path, Tirunelveli-294580',47165.74,3,NULL),('Advik','Gara',1168,'70/38, Kumar Road, Barasat 181851',49211.58,5,NULL),('Keya','Zachariah',1169,'H.No. 847, Cherian Ganj, Bhilai 798533',57631.55,1,NULL),('Anaya','Arora',1170,'H.No. 43, Wali Zila, Anantapur 635272',44022.78,6,NULL),('Shamik','Gupta',1171,'46/44, Konda Circle, Mehsana-930129',100304.97,7,NULL),('Neysa','Yohannan',1172,'41, Gopal Circle, Gaya-528689',81498.71,7,NULL),('Badal','Kala',1173,'H.No. 370, Jaggi Marg, Patiala-409956',71424.84,5,NULL),('Vidur','Ratta',1174,'410, Behl Nagar, Shimla-208257',67409.70,2,NULL),('Tushar','Lala',1175,'436, Borde Zila, Cuttack 889533',36853.85,7,NULL),('Tara','Chanda',1176,'48, Ganesan Street, Karaikudi 519913',99491.00,5,NULL),('Baiju','Kohli',1177,'070, Wason, Unnao 950038',88688.10,1,NULL),('Charvi','Kadakia',1178,'H.No. 070, Sidhu Path, Meerut 095365',78860.22,7,NULL),('Piya','Chada',1179,'H.No. 091, Sastry Circle, Tadipatri-735917',102155.50,4,NULL),('Amira','Shukla',1180,'13/991, Sura, Phusro-865751',69073.16,3,NULL),('Tanya','Rao',1181,'23/582, Sule Zila, Jaunpur 544419',102903.33,2,NULL),('Parinaaz','Bakshi',1182,'989, Bail, Aizawl 622945',55925.88,4,NULL),('Tejas','Bora',1183,'742, Kala Circle, Mahbubnagar-624371',49196.20,1,NULL),('Priyansh','Hayer',1184,'465, Andra Nagar, Gorakhpur 872075',104089.17,4,NULL),('Rasha','Borde',1185,'43/48, Lal Chowk, Pimpri-Chinchwad 408881',81971.33,5,NULL),('Tarini','Dada',1186,'H.No. 96, Kanda Circle, Malegaon 733874',54942.66,8,NULL),('Romil','Sabharwal',1187,'54, Bala Chowk, Baranagar 575420',63897.23,4,NULL),('Damini','Manda',1188,'H.No. 490, Amble Chowk, Bareilly 333522',58280.69,8,NULL),('Aaina','Sur',1189,'48/565, Ganesh Chowk, Khora -582324',31219.25,2,NULL),('Anay','Shankar',1190,'45/97, Sahni Circle, Jehanabad 328639',56406.84,4,NULL),('Lakshit','Wadhwa',1191,'562, Sengupta Road, Raiganj 165351',104985.95,8,NULL),('Ehsaan','Dani',1192,'67, Kamdar, Kamarhati 424356',55515.49,8,NULL),('Priyansh','Bajwa',1193,'604, Balan Path, Faridabad-755722',89022.38,5,NULL),('Mahika','Tella',1194,'29, Subramanian Street, Hyderabad-425040',100109.23,5,NULL),('Baiju','Dada',1195,'87, Banerjee, Adoni 335020',94767.09,4,NULL),('Jayant','Shetty',1196,'63/054, Ramaswamy Road, Parbhani 304867',58551.37,6,NULL),('Zaina','Khurana',1197,'311, Singhal Marg, Tinsukia 936690',102216.01,8,NULL),('Jhanvi','Mannan',1198,'H.No. 670, Biswas Nagar, Jehanabad 335516',55291.57,6,NULL),('Suhana','Srinivas',1199,'H.No. 36, Barad Road, Sonipat-371267',89578.58,1,NULL),('Tushar','Venkataraman',1200,'04/79, Bobal Zila, Purnia-583053',68694.40,3,NULL),('Jiya','Sarma',1201,'H.No. 12, Lal Circle, Maheshtala 836907',108862.49,5,NULL),('Raghav','Wadhwa',1202,'H.No. 124, Tank Zila, Davanagere-015152',93003.12,6,NULL),('Ivana','Khatri',1203,'99/164, Bose Street, Ongole-045476',98214.87,5,NULL),('Stuvan','Bajwa',1204,'429, Guha Road, Agra-461075',78022.20,8,NULL),('Jayesh','Hayer',1205,'H.No. 695, Wable, Rampur-085210',92999.27,6,NULL),('Akarsh','Bhattacharyya',1206,'H.No. 164, Kapoor Road, Tadipatri-947860',41789.58,5,NULL),('Stuvan','Rattan',1207,'42/069, Guha Ganj, Chandigarh-274065',65904.82,8,NULL),('Hansh','Bal',1208,'16/674, Dutt Road, Sangli-Miraj & Kupwad 314952',114863.13,7,NULL),('Shray','Iyer',1209,'59, Savant Street, Guna-142040',113874.51,5,NULL),('Madhav','Arya',1210,'63/832, Agarwal Street, Chandigarh-385299',62428.92,4,NULL),('Ishita','Char',1211,'24, Shroff Path, Bidar-885919',50881.10,2,NULL),('Shamik','Jaggi',1212,'H.No. 64, Ravi Road, Begusarai-521378',58967.76,5,NULL),('Mannat','Shanker',1213,'834, Chandran Street, Bhimavaram-917190',47898.12,3,NULL),('Seher','Andra',1214,'14/581, Aurora Circle, Medininagar 865183',60936.50,5,NULL),('Siya','Kalita',1215,'H.No. 158, Uppal Chowk, Jamnagar 830576',52357.36,8,NULL),('Nirvi','Kale',1216,'H.No. 46, Trivedi Street, Madurai-037039',104505.19,4,NULL),('Sumer','Shankar',1217,'67/972, Thakkar Street, Patiala-399428',101028.03,7,NULL),('Ahana ','Dasgupta',1218,'H.No. 233, Lala, Bhiwani 225197',64029.85,2,NULL),('Sana','Behl',1219,'H.No. 75, Jha Chowk, Raebareli 311640',105014.49,2,NULL),('Ryan','Saran',1220,'H.No. 233, Sarin Circle, Jalgaon-309395',110481.38,4,NULL),('Siya','Anne',1221,'95, Ahluwalia Nagar, Lucknow-007677',35485.71,6,NULL),('Lagan','Guha',1222,'21, Dhingra, Nellore 485837',62278.56,4,NULL),('Manjari','Bera',1223,'82/889, Shanker Street, Jalgaon-107736',99817.58,4,NULL),('Navya','Sangha',1224,'62, Bakshi Marg, Bally-044620',103911.96,7,NULL),('Trisha','Bobal',1225,'58, Kohli Ganj, South Dumdum 143236',114882.15,2,NULL),('Hunar','Manda',1226,'87, Kalita Ganj, Durg-915818',82082.23,4,NULL),('Zoya','Virk',1227,'56/13, Bhandari Chowk, Begusarai-526820',54326.08,3,NULL),('Pari','Batra',1228,'25, Tak Marg, Tiruchirappalli-280995',43609.22,4,NULL),('Kaira','Dhar',1229,'38/94, Lal, Kavali-264326',67978.90,2,NULL),('Zaina','Suresh',1230,'26/505, Mannan Nagar, Bhind-878109',119328.74,5,NULL),('Neelofar','Dass',1231,'H.No. 73, Ramanathan Nagar, Shivpuri 738437',52529.31,3,NULL),('Ishita','Sampath',1232,'37/10, Sahota Road, Bulandshahr 364321',76529.43,8,NULL),('Hrishita','Kunda',1233,'586, Edwin Street, Bhusawal-621845',97762.86,1,NULL),('Madhav','Trivedi',1234,'H.No. 55, Badal Circle, Jaunpur-824174',32146.93,4,NULL),('Veer','Kurian',1235,'90/441, Bhatia Path, Kottayam-272095',52338.86,4,NULL),('Shamik','Babu',1236,'32, Bandi Street, Chittoor 936644',62301.40,8,NULL),('Rania','Hari',1237,'99, Dhillon Street, Khandwa-923439',34855.38,3,NULL),('Drishya','Kurian',1238,'04, Tak Chowk, Pune 761289',115279.43,5,NULL),('Shray','Dhaliwal',1239,'98, Kaur Ganj, Alwar-389332',109889.89,1,NULL),('Divyansh','Seshadri',1240,'10, Cherian Path, Siwan-559466',35496.47,5,NULL),('Kanav','Hari',1241,'45/62, Vala Circle, Sambhal 438937',78251.41,7,NULL),('Ehsaan','Cheema',1242,'00, Saha Circle, Nandyal 084519',98944.04,4,NULL),('Purab','Mangat',1243,'H.No. 644, Bala, Gurgaon-686501',42349.35,3,NULL),('Heer','Dutt',1244,'69/15, Sharma Road, Amravati 071502',63435.43,2,NULL),('Elakshi','Datta',1245,'H.No. 69, Raman Path, Bahraich-408341',64562.46,8,NULL),('Ivan','Char',1246,'38, Shanker Nagar, Vasai-Virar-909723',79349.01,3,NULL),('Keya','Sastry',1247,'23/693, Baral Circle, Medininagar 787865',65075.98,2,NULL),('Kimaya','Badami',1248,'H.No. 93, Kata Ganj, Thrissur 297608',55567.37,8,NULL),('Sara','Sarraf',1249,'81, Gill Chowk, Bhavnagar-333905',77708.24,5,NULL),('Adah','Mann',1250,'H.No. 431, Reddy Path, Jodhpur-378538',103208.77,4,NULL),('Neysa','Grover',1251,'H.No. 683, Grewal Circle, Ranchi 441010',84186.33,2,NULL),('Kabir','Mammen',1252,'55/239, Mannan Chowk, Tirupati 402192',67710.28,7,NULL),('Purab','Vaidya',1253,'50, Bhasin Zila, Bhilai-387817',93598.13,8,NULL),('Aayush','Bahl',1254,'H.No. 482, Magar Marg, Bally-797101',60321.37,7,NULL),('Alia','Sinha',1255,'H.No. 45, Bassi Path, Siwan-696203',74635.07,7,NULL),('Adira','Dhar',1256,'H.No. 495, Manda Road, Sangli-Miraj & Kupwad 733953',75458.56,7,NULL),('Samiha','Dhingra',1257,'54/25, Vyas Ganj, Panvel 699774',80514.77,3,NULL),('Misha','Edwin',1258,'H.No. 591, Vala Zila, Anantapur-977757',74684.61,5,NULL),('Alisha','Gala',1259,'060, Krishnamurthy Chowk, Aizawl 935036',46017.15,4,NULL),('Madhup','Shenoy',1260,'18, Vasa Ganj, Katihar-988437',36134.27,6,NULL),('Ishita','Thakkar',1261,'H.No. 218, Ramaswamy Chowk, Mirzapur 270074',75328.05,7,NULL),('Romil','Raj',1262,'H.No. 66, Mammen Chowk, Nandyal 888608',59317.60,4,NULL),('Onkar','Walla',1263,'36/110, Halder Nagar, Delhi-269659',41146.33,1,NULL),('Urvi','Zacharia',1264,'42, Khalsa Circle, Dehri 229460',42995.36,8,NULL),('Raunak','Kant',1265,'18/71, Koshy Ganj, Dhule-366570',109784.85,2,NULL),('Nirvi','Soman',1266,'03/526, Tella Zila, Hindupur-980121',118302.72,8,NULL),('Armaan','Dhaliwal',1267,'354, Upadhyay Street, Patiala 636644',117298.05,4,NULL),('Lakshit','Mani',1268,'28/737, Sarin Circle, Raebareli 712953',110559.45,4,NULL),('Suhana','Kapoor',1269,'264, Sengupta Chowk, Kirari Suleman Nagar 469147',46506.62,5,NULL),('Nehmat','Sahni',1270,'H.No. 32, Khurana Ganj, Jamnagar 176198',44050.52,8,NULL),('Divyansh','Rege',1271,'492, Batta Marg, Panvel-682049',77187.44,3,NULL),('Gokul','Sibal',1272,'38, Bahl Nagar, Karaikudi 396238',99976.47,5,NULL),('Aayush','Soman',1273,'62, Anne Street, Guntakal 076627',59656.77,4,NULL),('Badal','Rau',1274,'07/58, Sabharwal Path, Bhilwara-538444',107269.90,4,NULL),('Onkar','Kumar',1275,'028, Bhagat Circle, Karawal Nagar-114143',41406.33,7,NULL),('Gokul','Kari',1276,'366, Bhatnagar Road, Mau 868958',87918.55,2,NULL),('Rhea','Sant',1277,'12, Barad Circle, Baranagar-506221',55991.85,1,NULL),('Samiha','Bhatti',1278,'72/832, Ray, Raurkela Industrial Township-131262',33074.99,4,NULL),('Nirvi','Chadha',1279,'19/10, Choudhry Chowk, Gorakhpur 480054',39708.56,1,NULL),('Faiyaz','Chadha',1280,'H.No. 20, Lalla Chowk, Baranagar 751119',90408.77,7,NULL),('Madhav','Hari',1281,'H.No. 09, Borde, Korba 367569',49155.72,6,NULL),('Vaibhav','Kadakia',1282,'41/608, Kulkarni Path, Durgapur 279610',65625.42,8,NULL),('Veer','Ben',1283,'80/02, Manne Road, Hyderabad-446498',36451.46,5,NULL),('Nirvi','Dixit',1284,'19/34, Bava Chowk, Howrah 238840',80598.98,8,NULL),('Aarna','Korpal',1285,'06/368, Das Marg, Tadipatri-720635',113139.89,4,NULL),('Biju','Arya',1286,'H.No. 008, Sangha Circle, Belgaum 133312',62872.34,7,NULL),('Dharmajan','Hans',1287,'59/37, Aurora Nagar, Bhiwandi-123097',114590.92,3,NULL),('Trisha','Varghese',1288,'880, Maharaj Nagar, North Dumdum 975134',117084.74,2,NULL),('Kiara','Bhargava',1289,'32, Rao Nagar, Bilaspur 297994',78793.84,3,NULL),('Dhruv','Mand',1290,'932, Golla Road, Kakinada 117795',100004.78,3,NULL),('Pari','Bhalla',1291,'H.No. 95, Kibe Road, Bidar-417398',43708.29,5,NULL),('Sana','Sarma',1292,'69/53, Thakkar Zila, Bikaner 665465',57429.69,3,NULL),('Ela','Ghosh',1293,'05/984, Salvi, Tadipatri 192835',68663.19,4,NULL),('Anahita','Deep',1294,'33/08, Kakar Marg, Gandhinagar-608963',79959.33,2,NULL),('Dhanuk','Kaul',1295,'33/063, Halder Path, Khora  969180',75642.65,7,NULL),('Riaan','Upadhyay',1296,'43, Subramanian Nagar, Tenali-167231',66052.88,3,NULL),('Damini','Kari',1297,'H.No. 932, Hegde Chowk, Solapur 778413',43343.87,6,NULL),('Kiaan','Wadhwa',1298,'76, Barman Path, Bharatpur-481108',36780.62,3,NULL),('Ira','Raju',1299,'22/514, Kanda Zila, Jabalpur 313092',68914.52,8,NULL),('Kartik','Varghese',1300,'422, Wason Road, Jalandhar 624777',119647.02,5,NULL),('Veer','Goda',1301,'13/66, Khare Marg, Raebareli-782897',93643.07,1,NULL),('Kashvi','Lanka',1302,'88, Shetty Path, Satna 169514',44823.94,5,NULL),('Faiyaz','Goda',1303,'H.No. 236, Krishnan Circle, Muzaffarnagar 155952',58277.88,6,NULL),('Baiju','Sule',1304,'H.No. 105, Manda Nagar, Panvel 697871',68047.55,7,NULL),('Oorja','Dugar',1305,'21/684, Bhatia Nagar, Belgaum 448048',116269.71,5,NULL),('Alisha','Kota',1306,'H.No. 432, Dhingra Ganj, Amritsar-714834',64795.27,2,NULL),('Umang','Thakkar',1307,'130, Halder Nagar, Baranagar 105045',92232.78,2,NULL),('Aaina','Gill',1308,'H.No. 317, Ghose Ganj, Pudukkottai-877484',32205.42,6,NULL),('Kavya','Dube',1309,'31/67, Rajan, Tinsukia 271047',37041.73,6,NULL),('Diya','Rama',1310,'79, Aggarwal, Ramgarh 332204',41676.86,8,NULL),('Prisha','Shetty',1311,'42/196, Boase Marg, Khandwa 726524',94734.16,8,NULL),('Aaryahi','Sur',1312,'19/167, Walia Chowk, Panvel-950727',45452.19,6,NULL),('Kaira','Gola',1313,'39/769, Gupta Circle, Tiruppur-209195',96806.94,3,NULL),('Nishith','Banik',1314,'214, Dasgupta Circle, North Dumdum-929790',87960.68,4,NULL),('Riya','Goel',1315,'H.No. 93, Grover Zila, Naihati 580009',62944.78,4,NULL),('Divit','Varkey',1316,'24/35, Kulkarni Zila, Chinsurah-348266',55251.08,3,NULL),('Kanav','Suresh',1317,'26, D’Alia Marg, Mumbai 997182',111273.71,4,NULL),('Rasha','Vaidya',1318,'46, Khalsa Chowk, Aligarh 602215',40010.00,8,NULL),('Dharmajan','Ravi',1319,'44/986, Kumar Road, Bardhaman-410172',57954.37,4,NULL),('Inaaya ','Kakar',1320,'75/096, Dewan Chowk, Hapur-623312',37076.55,3,NULL),('Alia','Badal',1321,'11, Wali Street, Gandhinagar-893090',118816.82,8,NULL),('Divij','Dhar',1322,'84/37, Zacharia Chowk, Mehsana 416310',102645.06,4,NULL),('Anay','Varty',1323,'52, Hans Nagar, Nagercoil 611760',57012.32,1,NULL),('Hansh','Khatri',1324,'47/49, Chakraborty Zila, Vadodara-770371',48413.70,3,NULL),('Kartik','Vig',1325,'H.No. 561, Kapur Zila, Ulhasnagar 548549',51407.71,8,NULL),('Dhanush','Luthra',1326,'H.No. 378, Iyengar Nagar, Sultan Pur Majra 514269',50067.24,1,NULL),('Indrans','Bhat',1327,'384, Sood, Kochi 365846',99624.88,8,NULL),('Kavya','Sama',1328,'H.No. 231, Jani Zila, Ambattur-540540',88868.14,7,NULL),('Ehsaan','Gala',1329,'82, Mani Path, Nangloi Jat-718885',111195.01,1,NULL),('Elakshi','Warrior',1330,'05, Cheema, Bangalore-237201',73770.39,5,NULL),('Veer','Ramanathan',1331,'12/183, Kannan Circle, Vijayanagaram-593960',31731.91,5,NULL),('Diya','Ahuja',1332,'05, Chokshi Chowk, Ambarnath-211606',83833.44,7,NULL),('Raunak','Chaudhari',1333,'102, Bansal Circle, Akola-204619',43161.72,4,NULL),('Raghav','Vasa',1334,'H.No. 58, Kuruvilla Nagar, Meerut-493938',60030.35,3,NULL),('Samar','Mani',1335,'05, Dalal, Nadiad 538032',60288.28,6,NULL),('Ojas','Singhal',1336,'82/97, Bajaj Marg, North Dumdum 624110',37465.05,7,NULL),('Vidur','Bera',1337,'H.No. 10, Dass Marg, Dhanbad-047409',101284.30,2,NULL),('Ira','Bera',1338,'23/31, Thaman Marg, Surendranagar Dudhrej-425075',80436.08,3,NULL),('Shanaya','Date',1339,'64/85, Bajwa Ganj, Thoothukudi 013619',61702.99,4,NULL),('Eva','Aggarwal',1340,'853, Deshpande Street, Anantapur-983469',74119.27,1,NULL),('Emir','Khurana',1341,'98/74, Chandran Street, Allahabad 035362',91241.58,2,NULL),('Anahi','Solanki',1342,'49/480, Bhagat Circle, Nandyal 343733',82048.11,7,NULL),('Aaina','Chand',1343,'H.No. 32, Kota Ganj, Alappuzha 158172',75371.08,5,NULL),('Anahita','Zachariah',1344,'H.No. 699, Dhawan Road, Tadipatri 103509',85296.16,4,NULL),('Nirvi','Grewal',1345,'H.No. 705, Butala, Pimpri-Chinchwad-552464',53788.66,3,NULL),('Saanvi','Borah',1346,'06/31, Saha Circle, Naihati 099316',82963.90,7,NULL),('Prisha','Balasubramanian',1347,'H.No. 852, Deep, Buxar-569661',113505.81,3,NULL),('Indrajit','Sem',1348,'H.No. 569, Dass Nagar, Secunderabad-920214',53845.79,1,NULL),('Nishith','Chana',1349,'147, Babu Marg, Malegaon 086713',59382.28,8,NULL),('Neysa','Keer',1350,'93/89, Sule, Jaunpur-508753',34591.11,7,NULL),('Divit','Ravi',1351,'65/31, Mani Nagar, Sonipat 142076',115753.74,6,NULL),('Priyansh','Jha',1352,'80, Dasgupta Path, Proddatur 191775',62853.45,4,NULL),('Faiyaz','Venkataraman',1353,'89/532, Sengupta Marg, Proddatur-726072',91430.20,5,NULL),('Shamik','Bora',1354,'003, Dutt Marg, Kanpur 670683',70390.40,2,NULL),('Madhav','Wadhwa',1355,'924, Shah Circle, Jamalpur 448124',43686.94,2,NULL),('Kabir','Master',1356,'H.No. 600, Wali Nagar, Karnal 522904',88317.10,1,NULL),('Biju','Batta',1357,'H.No. 08, Wali Path, Bhubaneswar 727430',94504.36,3,NULL),('Tiya','Kara',1358,'H.No. 93, Tata Chowk, Nashik 319533',91909.29,4,NULL),('Veer','Salvi',1359,'H.No. 986, Buch Ganj, Vasai-Virar-904117',65726.62,8,NULL),('Bhavin','Master',1360,'H.No. 389, Agate Circle, Bidhannagar 191088',101127.28,2,NULL),('Eshani','Butala',1361,'79, Kakar Nagar, Parbhani 558530',85817.20,2,NULL),('Mehul','Tailor',1362,'98/12, Ganguly Chowk, Raurkela Industrial Township-187413',104867.77,6,NULL),('Shanaya','Bhatti',1363,'06/57, Borra Ganj, Pali 639453',67873.29,5,NULL),('Hazel','Kumer',1364,'57, Cheema Road, Siwan 240858',55446.32,6,NULL),('Shray','Ray',1365,'H.No. 65, Deo Path, Erode-534540',59830.38,8,NULL),('Arhaan','Barman',1366,'67/23, Chaudry Chowk, Bihar Sharif-856143',105010.38,1,NULL),('Kabir','Shankar',1367,'945, Kapadia Chowk, Solapur-276355',76368.26,8,NULL),('Aaryahi','Dewan',1368,'H.No. 548, Chhabra Marg, Madurai 895148',59615.98,4,NULL),('Kiaan','Chaudhry',1369,'242, Dasgupta, Sikar-323332',76039.24,2,NULL),('Dishani','Tank',1370,'H.No. 933, Rao Path, Pallavaram-890986',104499.68,1,NULL),('Neysa','Ramesh',1371,'41/48, Samra Nagar, Bikaner-728172',39292.19,8,NULL),('Mannat','Kurian',1372,'31/40, Trivedi Street, Davanagere-852132',66521.06,5,NULL),('Taimur','Ray',1373,'14/70, Kala Zila, Raiganj 265506',69163.49,8,NULL),('Navya','Sankar',1374,'92/59, Ben Zila, Tiruppur-655091',91487.49,6,NULL),('Hridaan','Agrawal',1375,'16/31, Bali Street, Sangli-Miraj & Kupwad-572663',80871.42,5,NULL),('Sahil','Kaur',1376,'H.No. 80, Bains Nagar, Mehsana 547093',80252.77,4,NULL),('Saira','Sundaram',1377,'48, Ganesan Ganj, Guna 785653',37163.27,4,NULL),('Sumer','Deep',1378,'25, Mani Ganj, Bhilwara 100891',91784.54,1,NULL),('Parinaaz','Kaur',1379,'82/166, Viswanathan Circle, Junagadh-222169',92955.87,2,NULL),('Anahita','Wali',1380,'280, Bansal Road, Varanasi-129180',41361.46,3,NULL),('Aarav','Dayal',1381,'38, Bath Circle, Nellore 857557',44948.80,3,NULL),('Divyansh','Konda',1382,'85/39, Borra Road, Bidar 606110',76185.11,1,NULL),('Sana','Kant',1383,'H.No. 182, Kamdar, Sagar-137649',75224.93,7,NULL),('Ayesha','Hegde',1384,'429, Vig Zila, Naihati 180015',41406.11,5,NULL),('Dhanush','Joshi',1385,'396, Subramaniam Road, Durgapur-926049',59159.15,7,NULL),('Amani','Kamdar',1386,'343, Upadhyay, Tiruvottiyur-210895',78666.46,4,NULL),('Rohan','Bansal',1387,'H.No. 84, Sanghvi Road, Uluberia-742450',80961.41,5,NULL),('Suhana','Kannan',1388,'69, Chawla Street, Firozabad 153468',103437.22,6,NULL),('Yuvraj ','Brahmbhatt',1389,'189, Bhatia Chowk, Navi Mumbai 134150',78200.68,5,NULL),('Nirvi','Dewan',1390,'H.No. 049, Lalla Chowk, Tiruvottiyur 938429',88533.58,5,NULL),('Bhamini','Mahal',1391,'H.No. 854, Lalla Ganj, Kakinada 646200',54131.13,2,NULL),('Divit','Kant',1392,'61/868, Bhalla Circle, Satna-048326',72971.68,3,NULL),('Seher','Aggarwal',1393,'H.No. 97, Swaminathan Road, Nizamabad-456633',41426.06,3,NULL),('Aradhya','Rau',1394,'67/14, Gill Path, Akola 633460',119611.34,8,NULL),('Prerak','Basu',1395,'H.No. 04, Sant, Madhyamgram-867481',75972.12,3,NULL),('Kimaya','Sankaran',1396,'H.No. 817, Sangha Nagar, Karimnagar 143418',78250.24,4,NULL),('Umang','Bhat',1397,'85, Saraf Chowk, Salem 426116',41158.13,7,NULL),('Taimur','Sem',1398,'504, Sur Path, Kumbakonam-084870',48341.43,1,NULL),('Chirag','Mane',1399,'88, Mani Chowk, Jamalpur-841148',31698.52,3,NULL),('Stuvan','Chand',1400,'H.No. 13, Bedi, Nellore 097581',51247.17,8,NULL),('Ranbir','Guha',1401,'240, Hayer Circle, Kamarhati 332091',113566.99,7,NULL),('Sahil','Dada',1402,'H.No. 370, Walla, Karnal 510272',84708.47,4,NULL),('Rati','Randhawa',1403,'258, Solanki Nagar, Kollam-028026',32678.72,4,NULL),('Biju','De',1404,'36/385, Kota, Katni-826293',66463.87,3,NULL),('Samaira','Kala',1405,'51, Ganesan Ganj, Ghaziabad 055214',53554.27,3,NULL),('Armaan','Subramanian',1406,'379, Sachdeva Marg, Shimla 755329',99835.94,4,NULL),('Kabir','Raval',1407,'75/659, Agate Circle, Hospet 179026',84356.67,3,NULL),('Alisha','Rattan',1408,'H.No. 93, Varughese Zila, Ranchi 344329',86786.35,5,NULL),('Kiara','Shetty',1409,'12/869, Balakrishnan Nagar, Panipat 575693',87219.08,2,NULL),('Samar','Sama',1410,'59, Kar Circle, Guntur-185227',111151.08,8,NULL),('Mehul','Upadhyay',1411,'H.No. 853, Chakraborty Nagar, Begusarai 764396',94583.24,4,NULL),('Saanvi','Wagle',1412,'31, Yadav Ganj, Muzaffarpur 808638',83285.02,3,NULL),('Neysa','Bajaj',1413,'408, Kulkarni Nagar, Sambalpur-261537',44403.63,4,NULL),('Ahana ','Bhandari',1414,'00/69, Seshadri Road, Sangli-Miraj & Kupwad 089024',55324.57,7,NULL),('Nirvaan','Rastogi',1415,'72, Bali Road, Jamnagar-081251',100720.78,5,NULL),('Aradhya','Luthra',1416,'18/575, Keer Street, Srinagar-025515',79484.22,3,NULL),('Anahi','Sarin',1417,'28, Shetty Nagar, Berhampur-603078',82800.37,8,NULL),('Jayan','Arya',1418,'399, Chawla Chowk, Jamshedpur-831509',67750.53,2,NULL),('Zaina','Swamy',1419,'H.No. 480, Shah Chowk, Jamnagar-580470',106145.16,3,NULL),('Darshit','Behl',1420,'56/86, Varughese, Faridabad-781323',103162.32,5,NULL),('Azad','Dhawan',1421,'H.No. 636, Dalal Street, Bhavnagar-304528',86400.66,6,NULL),('Diya','Rajagopal',1422,'H.No. 645, Sekhon Zila, Tirunelveli-030117',72051.36,4,NULL),('Samiha','Wali',1423,'796, Karnik Street, Aizawl-430764',68912.47,8,NULL),('Yuvraj ','Soman',1424,'H.No. 11, Dada Circle, Maheshtala 294633',69051.63,3,NULL),('Arnav','Jha',1425,'49/388, Sane Path, Guna 672719',58117.92,8,NULL),('Seher','Garde',1426,'H.No. 46, Konda Chowk, Imphal-223737',44353.63,3,NULL),('Raghav','Bajaj',1427,'02/206, Karan Zila, Secunderabad 900052',100237.54,7,NULL),('Prerak','Mani',1428,'34/549, Sura Zila, Ulhasnagar-823454',86772.04,6,NULL),('Ela','Ram',1429,'H.No. 179, Sani Path, Bhalswa Jahangir Pur-735225',82077.56,8,NULL),('Urvi','Bera',1430,'H.No. 57, Rama Ganj, Bijapur 113417',45788.76,4,NULL),('Purab','Gill',1431,'H.No. 066, Keer Circle, Visakhapatnam 158453',61975.09,6,NULL),('Stuvan','Jhaveri',1432,'H.No. 63, Gill Chowk, Burhanpur-125370',71583.73,7,NULL),('Lakshay','Ravel',1433,'H.No. 089, Batta Street, Warangal 188214',78897.37,5,NULL),('Nayantara','Chaudhari',1434,'H.No. 688, Suri Circle, Buxar-364340',39897.99,6,NULL),('Dhanush','Dani',1435,'038, Ramaswamy Street, Imphal 617947',81734.57,5,NULL),('Samaira','Yadav',1436,'076, Sama Path, Munger 903485',90129.71,3,NULL),('Taimur','Kamdar',1437,'29/838, Dasgupta Street, Vijayanagaram-679041',90828.30,2,NULL),('Lavanya','Bhandari',1438,'89/02, Rajagopal Path, Thiruvananthapuram 551639',75512.29,1,NULL),('Alia','Dey',1439,'H.No. 813, Thakur Circle, Meerut-369741',87729.63,4,NULL),('Prerak','Halder',1440,'244, Kale Path, Sagar-623911',87734.46,4,NULL),('Dhanush','Mann',1441,'45/14, Tak Path, Madanapalle-937929',48038.82,8,NULL),('Anahita','Thaker',1442,'85/54, Balakrishnan Street, Sonipat 764780',34216.33,7,NULL),('Damini','Dalal',1443,'73/05, Bawa Ganj, Salem-959563',93134.46,4,NULL),('Reyansh','Kalla',1444,'514, Subramanian Zila, Bhiwani-608646',55765.03,4,NULL),('Nirvaan','Yogi',1445,'H.No. 094, Sandal Path, Hubli–Dharwad 102067',93674.29,5,NULL),('Zain','Tiwari',1446,'735, Gola Marg, Coimbatore 749649',63305.27,5,NULL),('Alia','Sankaran',1447,'44/01, Kala Zila, Vijayanagaram 589775',97216.37,8,NULL),('Kavya','Kakar',1448,'H.No. 81, Dhingra Nagar, Mangalore-880221',40097.80,6,NULL),('Hunar','Dora',1449,'158, Sandal, Rajahmundry-723297',56368.04,4,NULL),('Pranay','Mangal',1450,'H.No. 300, Barman Chowk, Udaipur 642239',43755.19,1,NULL),('Rhea','Venkataraman',1451,'73/008, Sandhu Nagar, Guwahati-901939',105811.29,5,NULL),('Umang','Luthra',1452,'39/86, Mangat Marg, Satna 054258',33731.48,7,NULL),('Tejas','Bansal',1453,'27/74, Hora Ganj, Karawal Nagar 613198',62474.98,7,NULL),('Aaryahi','Badami',1454,'77, Tripathi Ganj, Silchar-716785',40357.46,5,NULL),('Sumer','Varty',1455,'99, Dhar Zila, Howrah 523605',57330.20,3,NULL),('Bhamini','Sunder',1456,'H.No. 74, Jain Circle, Sambalpur 031151',53860.64,8,NULL),('Parinaaz','Kalla',1457,'44/771, Kapadia Nagar, Nagpur 925615',57832.79,5,NULL),('Vanya','Bhatnagar',1458,'740, Gill Road, Panihati 273974',49377.68,8,NULL),('Purab','Rastogi',1459,'H.No. 988, Deshpande Path, Madurai-199568',112419.57,4,NULL),('Dishani','Kumar',1460,'H.No. 819, Ramakrishnan Street, Saharsa-340071',106022.35,8,NULL),('Armaan','Hari',1461,'H.No. 970, Sidhu Marg, Ambarnath-407785',90151.04,6,NULL),('Romil','Ramanathan',1462,'H.No. 34, Sastry Circle, Hubli–Dharwad 491521',80380.02,8,NULL),('Amani','Kohli',1463,'954, Barad Zila, Hapur 322124',40266.91,4,NULL),('Anvi','Majumdar',1464,'H.No. 58, Taneja Path, Rajahmundry 079612',97708.87,2,NULL),('Mishti','Khanna',1465,'H.No. 33, Dhaliwal Zila, Deoghar 238178',80773.80,6,NULL),('Aaryahi','Ganesan',1466,'30/594, Jhaveri Ganj, Berhampur-968935',116123.26,8,NULL),('Madhup','Butala',1467,'26, Balakrishnan Path, Sambalpur-588709',66086.23,1,NULL),('Ivana','Lad',1468,'H.No. 46, Walla Zila, Tinsukia-729181',90968.29,6,NULL),('Taimur','Bora',1469,'717, Kumar Nagar, Coimbatore-036293',81848.60,8,NULL),('Mohanlal','Rajagopalan',1470,'894, Khosla Circle, Aurangabad 765672',89238.20,2,NULL),('Urvi','Balasubramanian',1471,'85, Thakur, Guna-218509',90713.77,4,NULL),('Shayak','Wali',1472,'06/48, Hari Marg, Burhanpur-645412',105129.40,3,NULL),('Saksham','Venkatesh',1473,'80/36, Dyal Path, Muzaffarpur 033552',107713.14,7,NULL),('Piya','Biswas',1474,'72/948, Balay Ganj, Panchkula 116294',79845.53,6,NULL),('Saira','Sekhon',1475,'09/30, Saraf Street, Asansol 590104',40614.34,6,NULL),('Kaira','Tiwari',1476,'67/37, Biswas Zila, Gangtok-680185',43231.78,1,NULL),('Dhanush','Agarwal',1477,'52/00, Saxena Street, Raipur 993157',95518.25,4,NULL),('Ryan','Zacharia',1478,'H.No. 643, Gola, Bilaspur 052794',99751.73,7,NULL),('Hrishita','Rajagopalan',1479,'86/326, Lala Chowk, Panipat 169727',88061.53,2,NULL),('Bhamini','Karnik',1480,'87, Bumb Street, Shahjahanpur-907949',57961.44,7,NULL),('Shayak','Batra',1481,'040, Bhardwaj Nagar, Alwar-773793',63369.72,6,NULL),('Ojas','Wason',1482,'H.No. 10, Chakrabarti Street, Farrukhabad-746641',94429.76,3,NULL),('Anahi','Sodhi',1483,'40/64, Bahri Marg, Gandhidham 062623',32481.92,1,NULL),('Nirvi','Bava',1484,'H.No. 101, Mand Marg, Bettiah-179643',58707.67,7,NULL),('Zaina','Krishna',1485,'44, Shenoy Path, Mehsana-409241',91173.81,1,NULL),('Vaibhav','Barman',1486,'862, Sen Road, Nellore 642567',45447.24,6,NULL),('Myra','Sibal',1487,'H.No. 52, Trivedi Ganj, Bhavnagar-654159',97828.55,7,NULL),('Mamooty','Talwar',1488,'56/01, Bahl Zila, Gandhinagar 134796',114427.72,4,NULL),('Uthkarsh','Karan',1489,'982, Bava Ganj, Rajpur Sonarpur 536062',40728.77,6,NULL),('Ishita','Yohannan',1490,'H.No. 73, Agrawal Nagar, Gandhinagar-246684',55636.20,8,NULL),('Anay','Shenoy',1491,'H.No. 004, Doctor Nagar, Patiala 570721',32556.84,4,NULL),('Jayant','Chaudhary',1492,'522, Shukla Zila, Haridwar-503156',42979.05,3,NULL),('Lakshit','Chaudhry',1493,'435, Arya Street, Kolhapur 942428',30652.43,2,NULL),('Nitara','Iyer',1494,'H.No. 67, Mand Zila, Begusarai-542530',52566.55,2,NULL),('Jayan','Ramachandran',1495,'17, Kurian Street, Hazaribagh-000719',60870.71,5,NULL),('Shalv','Rastogi',1496,'37, Agarwal Nagar, Chinsurah-233188',65004.69,6,NULL),('Ayesha','Mani',1497,'H.No. 45, Mahajan Nagar, Bijapur-430193',39764.40,8,NULL),('Kimaya','Koshy',1498,'H.No. 86, Bhatia Road, Chandrapur-183948',34622.49,3,NULL),('Aaryahi','D’Alia',1499,'H.No. 77, Chadha Ganj, Rohtak-383472',63927.30,5,NULL),('deejey','..',2340,'fhasdhfh',274429.00,3,NULL),('deejey','..',10000,'fhasdhfh',274429.00,3,NULL);
/*!40000 ALTER TABLE `employee` ENABLE KEYS */;
UNLOCK TABLES;

--
-- Table structure for table `locations`
--

DROP TABLE IF EXISTS `locations`;
/*!40101 SET @saved_cs_client     = @@character_set_client */;
/*!50503 SET character_set_client = utf8mb4 */;
CREATE TABLE `locations` (
  `dept_location` varchar(100) DEFAULT NULL,
  `dept_number` int NOT NULL,
  PRIMARY KEY (`dept_number`),
  CONSTRAINT `locations_ibfk_1` FOREIGN KEY (`dept_number`) REFERENCES `department` (`dept_number`) ON DELETE CASCADE ON UPDATE CASCADE
) ENGINE=InnoDB DEFAULT CHARSET=utf8mb4 COLLATE=utf8mb4_0900_ai_ci;
/*!40101 SET character_set_client = @saved_cs_client */;

--
-- Dumping data for table `locations`
--

LOCK TABLES `locations` WRITE;
/*!40000 ALTER TABLE `locations` DISABLE KEYS */;
INSERT INTO `locations` VALUES ('Mumbai',1),('Bhopal',2),('Bhopal',3),('Nagpur',4),('Jaipur',5),('Ludhiana',6),('Nashik',7),('Rajkot',8);
/*!40000 ALTER TABLE `locations` ENABLE KEYS */;
UNLOCK TABLES;

--
-- Table structure for table `maintainer`
--

DROP TABLE IF EXISTS `maintainer`;
/*!40101 SET @saved_cs_client     = @@character_set_client */;
/*!50503 SET character_set_client = utf8mb4 */;
CREATE TABLE `maintainer` (
  `id` int NOT NULL AUTO_INCREMENT,
  `username` varchar(255) DEFAULT NULL,
  `password` varchar(255) DEFAULT NULL,
  `role` varchar(255) DEFAULT NULL,
  PRIMARY KEY (`id`),
  UNIQUE KEY `usernamer` (`username`)
) ENGINE=InnoDB AUTO_INCREMENT=4 DEFAULT CHARSET=utf8mb4 COLLATE=utf8mb4_0900_ai_ci;
/*!40101 SET character_set_client = @saved_cs_client */;

--
-- Dumping data for table `maintainer`
--

LOCK TABLES `maintainer` WRITE;
/*!40000 ALTER TABLE `maintainer` DISABLE KEYS */;
INSERT INTO `maintainer` VALUES (1,'admin','12345','admin'),(2,'admin2','12345','admin'),(3,'admin3','12345','admin');
/*!40000 ALTER TABLE `maintainer` ENABLE KEYS */;
UNLOCK TABLES;

--
-- Table structure for table `project`
--

DROP TABLE IF EXISTS `project`;
/*!40101 SET @saved_cs_client     = @@character_set_client */;
/*!50503 SET character_set_client = utf8mb4 */;
CREATE TABLE `project` (
  `p_name` varchar(100) NOT NULL,
  `p_number` int NOT NULL AUTO_INCREMENT,
  `p_location` varchar(100) DEFAULT NULL,
  `dept_number` int DEFAULT NULL,
  PRIMARY KEY (`p_number`),
  KEY `dept_number` (`dept_number`),
  CONSTRAINT `project_ibfk_1` FOREIGN KEY (`dept_number`) REFERENCES `department` (`dept_number`) ON DELETE CASCADE ON UPDATE CASCADE
) ENGINE=InnoDB AUTO_INCREMENT=52 DEFAULT CHARSET=utf8mb4 COLLATE=utf8mb4_0900_ai_ci;
/*!40101 SET character_set_client = @saved_cs_client */;

--
-- Dumping data for table `project`
--

LOCK TABLES `project` WRITE;
/*!40000 ALTER TABLE `project` DISABLE KEYS */;
INSERT INTO `project` VALUES ('AI Research',1,'Chandigarh',2),('Smart City Initiative',2,'Nagpur',8),('E-Governance',3,'Ahmedabad',7),('Cybersecurity Upgrade',4,'Hyderabad',1),('5G Expansion',5,'Meerut',2),('Healthcare Digitalization',6,'Lucknow',7),('Renewable Energy Grid',7,'Varanasi',3),('Smart Traffic Management',8,'Hyderabad',3),('Blockchain Finance',9,'Srinagar',6),('E-Learning Platform',10,'Bangalore',5),('Digital Agriculture',11,'Meerut',4),('IoT in Manufacturing',12,'Bhopal',3),('Smart Water Management',13,'Rajkot',2),('Green Building Infrastructure',14,'Nagpur',8),('AI in Healthcare',15,'Srinagar',8),('Automated Customer Service',16,'Chandigarh',6),('Cloud Computing Expansion',17,'Ahmedabad',4),('Big Data Analytics',18,'Delhi',8),('Digital Payment System',19,'Vadodara',8),('Robotic Process Automation',20,'Vadodara',1),('E-Commerce Optimization',21,'Pune',7),('Cyber Threat Intelligence',22,'Lucknow',2),('Facial Recognition Security',23,'Lucknow',1),('AI-powered CRM',24,'Patna',3),('Remote Work Infrastructure',25,'Patna',4),('EdTech Revolution',26,'Ahmedabad',3),('Blockchain in Voting System',27,'Delhi',5),('Food Supply Chain Management',28,'Ludhiana',2),('Autonomous Vehicles',29,'Kolkata',3),('Space Research Program',30,'Kolkata',4),('AI Chatbot Development',31,'Patna',3),('Satellite Communication Network',32,'Hyderabad',7),('Medical AI Assistant',33,'Mumbai',6),('AI-based Fraud Detection',34,'Chennai',1),('Digital Banking Transformation',35,'Delhi',6),('Online Identity Verification',36,'Lucknow',8),('Virtual Reality Training',37,'Chandigarh',4),('Metaverse Development',38,'Jaipur',4),('Digital Twin Technology',39,'Bhopal',4),('FinTech Innovation',40,'Ludhiana',2),('Microfinance Digitalization',41,'Nashik',3),('Renewable Energy Storage',42,'Kolkata',7),('Smart Grid Implementation',43,'Rajkot',3),('IoT Security Enhancement',44,'Chandigarh',5),('Climate Change Data Analysis',45,'Ludhiana',2),('Personalized Marketing AI',46,'Varanasi',2),('Voice Recognition AI',47,'Rajkot',3),('Cyber Law Enforcement AI',48,'Lucknow',1),('Hospital Management System',49,'Jaipur',4),('AI-driven Content Creation',50,'Ludhiana',5),('Public Transport Automation',51,'Bangalore',5);
/*!40000 ALTER TABLE `project` ENABLE KEYS */;
UNLOCK TABLES;

--
-- Table structure for table `works_on`
--

DROP TABLE IF EXISTS `works_on`;
/*!40101 SET @saved_cs_client     = @@character_set_client */;
/*!50503 SET character_set_client = utf8mb4 */;
CREATE TABLE `works_on` (
  `emp_no` bigint NOT NULL,
  `p_number` int NOT NULL,
  `hours_per_day` int DEFAULT NULL,
  PRIMARY KEY (`emp_no`,`p_number`),
  KEY `new_fk_proj` (`p_number`),
  CONSTRAINT `new_fk_emp` FOREIGN KEY (`emp_no`) REFERENCES `employee` (`emp_no`),
  CONSTRAINT `new_fk_proj` FOREIGN KEY (`p_number`) REFERENCES `project` (`p_number`)
) ENGINE=InnoDB DEFAULT CHARSET=utf8mb4 COLLATE=utf8mb4_0900_ai_ci;
/*!40101 SET character_set_client = @saved_cs_client */;

--
-- Dumping data for table `works_on`
--

LOCK TABLES `works_on` WRITE;
/*!40000 ALTER TABLE `works_on` DISABLE KEYS */;
INSERT INTO `works_on` VALUES (1002,1,6),(1003,2,8),(1004,3,5),(1005,4,7),(1006,5,6),(1007,6,4),(1008,7,9),(1009,8,8),(1010,9,5),(1011,10,6),(1012,11,7),(1013,12,5),(1014,13,8),(1015,14,6),(1016,15,4),(1017,16,7),(1018,17,9),(1019,18,5),(1020,19,6),(1021,20,8),(1022,21,4),(1023,22,7),(1024,23,5),(1025,24,6),(1026,25,8),(1027,26,4),(1028,27,7),(1029,28,6),(1030,29,5),(1031,30,9),(1032,31,7),(1033,32,6),(1034,33,5),(1035,34,8),(1036,35,4),(1037,36,7),(1038,37,6),(1039,38,5),(1040,39,9),(1041,40,7),(1042,41,6),(1043,42,5),(1044,43,8),(1045,44,4),(1046,45,7),(1047,46,6),(1048,47,5),(1049,48,9),(1050,49,7),(1051,50,6),(1052,51,5),(1053,1,6),(1054,2,8),(1055,3,5),(1056,4,7),(1057,5,6),(1058,6,4),(1059,7,9),(1060,8,8),(1061,9,5),(1062,10,6),(1063,11,7),(1064,12,5),(1065,13,8),(1066,14,6),(1067,15,4),(1068,16,7),(1069,17,9),(1070,18,5),(1071,19,6),(1072,20,8),(1073,21,4),(1074,22,7),(1075,23,5),(1076,24,6),(1077,25,8),(1078,26,4),(1079,27,7),(1080,28,6),(1081,29,5),(1082,30,9),(1083,31,7),(1084,32,6),(1085,33,5),(1086,34,8),(1087,35,4),(1088,36,7),(1089,37,6),(1090,38,5),(1091,39,9),(1092,40,7),(1093,41,6),(1094,42,5),(1095,43,8),(1096,44,4),(1097,45,7),(1098,46,6),(1099,47,5),(1100,48,9),(1101,49,7),(1102,50,6),(1103,51,5),(1104,1,6),(1105,2,8),(1106,3,5),(1107,4,7),(1108,5,6),(1109,6,4),(1110,7,9),(1111,8,8),(1112,9,5),(1113,10,6),(1114,11,7),(1115,12,5),(1116,13,8),(1117,14,6),(1118,15,4),(1119,16,7),(1120,17,9),(1121,18,5),(1122,19,6),(1123,20,8),(1124,21,4),(1125,22,7),(1126,23,5),(1127,24,6),(1128,25,8),(1129,26,4),(1130,27,7),(1131,28,6),(1132,29,5),(1133,30,9),(1134,31,7),(1135,32,6),(1136,33,5),(1137,34,8),(1138,35,4),(1139,36,7),(1140,37,6),(1141,38,5),(1142,39,9),(1143,40,7),(1144,41,6),(1145,42,5),(1146,43,8),(1147,44,4),(1148,45,7),(1149,46,6),(1150,47,5),(1151,48,9),(1152,49,7),(1153,50,6),(1154,51,5),(1155,1,6),(1156,2,8),(1157,3,5),(1158,4,7),(1159,5,6),(1160,6,4),(1161,7,9),(1162,8,8),(1163,9,5),(1164,10,6),(1165,11,7),(1166,12,5),(1167,13,8),(1168,14,6),(1169,15,4),(1170,16,7),(1171,17,9),(1172,18,5),(1173,19,6),(1174,20,8),(1175,21,4),(1176,22,7),(1177,23,5),(1178,24,6),(1179,25,8),(1180,26,4),(1181,27,7),(1182,28,6),(1183,29,5),(1184,30,9),(1185,31,7),(1186,32,6),(1187,33,5),(1188,34,8),(1189,35,4),(1190,36,7),(1191,37,6),(1192,38,5),(1193,39,9),(1194,40,7),(1195,41,6),(1196,42,5),(1197,43,8),(1198,44,4),(1199,45,7),(1200,46,6),(1201,47,5),(1202,48,9),(1203,49,7),(1204,50,6),(1205,51,5),(1206,1,6),(1207,2,8),(1208,3,5),(1209,4,7),(1210,5,6),(1211,6,4),(1212,7,9),(1213,8,8),(1214,9,5),(1215,10,6),(1216,11,7),(1217,12,5),(1218,13,8),(1219,14,6),(1220,15,4),(1221,16,7),(1222,17,9),(1223,18,5),(1224,19,6),(1225,20,8),(1226,21,4),(1227,22,7),(1228,23,5),(1229,24,6),(1230,25,8),(1231,26,4),(1232,27,7),(1233,28,6),(1234,29,5),(1235,30,9),(1236,31,7),(1237,32,6),(1238,33,5),(1239,34,8),(1240,35,4),(1241,36,7),(1242,37,6),(1243,38,5),(1244,39,9),(1245,40,7),(1246,41,6),(1247,42,5),(1248,43,8),(1249,44,4),(1250,45,7),(1251,46,6),(1252,47,5),(1253,48,9),(1254,49,7),(1255,50,6),(1256,51,5),(1257,1,6),(1258,2,8),(1259,3,5),(1260,4,7),(1261,5,6),(1262,6,4),(1263,7,9),(1264,8,8),(1265,9,5),(1266,10,6),(1267,11,7),(1268,12,5),(1269,13,8),(1270,14,6),(1271,15,4),(1272,16,7),(1273,17,9),(1274,18,5),(1275,19,6),(1276,20,8),(1277,21,4),(1278,22,7),(1279,23,5),(1280,24,6),(1281,25,8),(1282,26,4),(1283,27,7),(1284,28,6),(1285,29,5),(1286,30,9),(1287,31,7),(1288,32,6),(1289,33,5),(1290,34,8),(1291,35,4),(1292,36,7),(1293,37,6),(1294,38,5),(1295,39,9),(1296,40,7),(1297,41,6),(1298,42,5),(1299,43,8),(1300,44,4),(1301,45,7),(1302,46,6),(1303,47,5),(1304,48,9),(1305,49,7),(1306,50,6),(1307,51,5),(1308,1,6),(1309,2,8),(1310,3,5),(1311,4,7),(1312,5,6),(1313,6,4),(1314,7,9),(1315,8,8),(1316,9,5),(1317,10,6),(1318,11,7),(1319,12,5),(1320,13,8),(1321,14,6),(1322,15,4),(1323,16,7),(1324,17,9),(1325,18,5),(1326,19,6),(1327,20,8),(1328,21,4),(1329,22,7),(1330,23,5),(1331,24,6),(1332,25,8),(1333,26,4),(1334,27,7),(1335,28,6),(1336,29,5),(1337,30,9),(1338,31,7),(1339,32,6),(1340,33,5),(1341,34,8),(1342,35,4),(1343,36,7),(1344,37,6),(1345,38,5),(1346,39,9),(1347,40,7),(1348,41,6),(1349,42,5),(1350,43,8),(1351,44,4),(1352,45,7),(1353,46,6),(1354,47,5),(1355,48,9),(1356,49,7),(1357,50,6),(1358,51,5),(1359,1,6),(1360,2,8),(1361,3,5),(1362,4,7),(1363,5,6),(1364,6,4),(1365,7,9),(1366,8,8),(1367,9,5),(1368,10,6),(1369,11,7),(1370,12,5),(1371,13,8),(1372,14,6),(1373,15,4),(1374,16,7),(1375,17,9),(1376,18,5),(1377,19,6),(1378,20,8),(1379,21,4),(1380,22,7),(1381,23,5),(1382,24,6),(1383,25,8),(1384,26,4),(1385,27,7),(1386,28,6),(1387,29,5),(1388,30,9),(1389,31,7),(1390,32,6),(1391,33,5),(1392,34,8),(1393,35,4),(1394,36,7),(1395,37,6),(1396,38,5),(1397,39,9),(1398,40,7),(1399,41,6),(1400,42,5),(1401,43,8),(1402,44,4),(1403,45,7),(1404,46,6),(1405,47,5),(1406,48,9),(1407,49,7),(1408,50,6),(1409,51,5),(1410,1,6),(1470,10,6),(1471,11,7),(1472,12,5),(1473,13,8),(1474,14,6),(1475,15,4),(1476,16,7),(1498,38,5),(1499,39,9);
/*!40000 ALTER TABLE `works_on` ENABLE KEYS */;
UNLOCK TABLES;
/*!40103 SET TIME_ZONE=@OLD_TIME_ZONE */;

/*!40101 SET SQL_MODE=@OLD_SQL_MODE */;
/*!40014 SET FOREIGN_KEY_CHECKS=@OLD_FOREIGN_KEY_CHECKS */;
/*!40014 SET UNIQUE_CHECKS=@OLD_UNIQUE_CHECKS */;
/*!40101 SET CHARACTER_SET_CLIENT=@OLD_CHARACTER_SET_CLIENT */;
/*!40101 SET CHARACTER_SET_RESULTS=@OLD_CHARACTER_SET_RESULTS */;
/*!40101 SET COLLATION_CONNECTION=@OLD_COLLATION_CONNECTION */;
/*!40111 SET SQL_NOTES=@OLD_SQL_NOTES */;

-- Dump completed on 2025-04-02 19:48:48
